paso,velocidad,co2,fase,ttc
0,49.23,9278.12,0.0,999.0
1,49.02,3423.25,0.0,999.0
2,49.11,13799.62,0.0,999.0
3,49.04,6883.21,0.0,999.0
4,49.11,11893.2,0.0,999.0
5,48.95,4356.11,0.0,999.0
6,49.01,13108.22,0.0,999.0
7,48.97,7922.01,0.0,999.0
8,49.14,15661.0,0.0,999.0
9,48.99,3163.65,0.0,999.0
10,49.09,12917.58,0.0,999.0
11,49.14,9980.45,0.0,999.0
12,49.0,1724.71,0.0,999.0
13,48.92,5935.03,0.0,999.0
14,49.01,13080.38,0.0,999.0
15,49.11,13106.87,0.0,999.0
16,49.02,4838.1,0.0,999.0
17,49.05,9824.49,0.0,999.0
18,48.95,7732.47,0.0,999.0
19,49.12,16161.32,0.0,999.0
20,48.95,3630.09,0.0,999.0
21,48.93,8475.69,0.0,999.0
22,49.05,13625.6,0.0,999.0
23,48.94,5533.37,0.0,999.0
24,49.01,11787.01,0.0,999.0
25,49.03,8484.02,0.0,999.0
26,49.0,8625.88,0.0,999.0
27,49.06,11707.11,0.0,999.0
28,49.02,8123.38,0.0,999.0
29,49.04,10178.11,0.0,999.0
30,49.12,11172.45,0.0,999.0
31,49.0,3972.56,0.0,999.0
32,48.93,4556.25,0.0,999.0
33,49.01,12507.71,0.0,999.0
34,48.92,4872.88,0.0,999.0
35,48.98,11860.17,0.0,999.0
36,49.0,8869.53,0.0,999.0
37,49.1,13343.33,0.0,999.0
38,48.97,5767.03,0.0,999.0
39,48.98,8969.21,0.0,999.0
40,48.97,6628.71,0.0,999.0
41,48.96,7832.65,0.0,999.0
42,49.03,11159.18,0.0,999.0
43,49.03,8657.13,0.0,999.0
44,49.03,9261.99,0.0,999.0
45,49.28,14492.85,0.0,999.0
46,49.19,8002.13,0.0,999.0
47,49.14,10546.98,0.0,467.0
48,49.21,14042.78,0.0,999.0
49,49.09,4353.7,0.0,999.0
50,49.2,16841.07,0.0,999.0
51,49.27,15400.92,0.0,999.0
52,49.17,6110.91,0.0,999.0
53,49.32,19184.07,0.0,999.0
54,49.17,4581.5,0.0,999.0
55,49.25,14518.45,0.0,999.0
56,49.16,6620.65,0.0,999.0
57,49.13,8823.75,0.0,999.0
58,49.15,10515.71,0.0,999.0
59,49.17,11777.66,0.0,999.0
60,49.16,11230.76,0.0,999.0
61,49.19,13027.82,0.0,999.0
62,49.14,7766.92,0.0,591.3
63,49.22,15382.67,0.0,668.13
64,49.21,9512.2,0.0,883.26
65,49.2,11714.8,0.0,999.0
66,49.2,8740.2,0.0,621.68
67,49.11,6966.66,0.0,999.0
68,49.25,18309.95,0.0,999.0
69,49.15,8430.11,0.0,626.75
70,49.04,5120.41,0.0,607.22
71,49.24,21366.91,0.0,999.0
72,49.14,5230.26,0.0,460.09
73,49.22,17408.85,0.0,999.0
74,49.15,9311.49,0.0,999.0
75,49.18,12642.63,0.0,999.0
76,49.19,10893.58,0.0,999.0
77,49.08,7553.94,0.0,999.0
78,49.18,17041.4,0.0,999.0
79,49.2,10628.82,0.0,999.0
80,49.28,15466.77,0.0,854.53
81,49.22,9173.09,0.0,999.0
82,49.18,9705.54,0.0,999.0
83,49.1,7619.01,0.0,999.0
84,49.22,16934.79,0.0,999.0
85,49.18,10042.32,0.0,999.0
86,49.11,8205.53,0.0,999.0
87,49.13,12946.89,0.0,999.0
88,49.01,9362.15,0.0,375.3
89,48.63,12165.73,0.0,72.12
90,47.48,10454.9,0.0,41.97
91,47.09,9252.56,0.0,28.09
92,46.86,19152.07,0.0,21.14
93,46.47,6912.25,0.0,17.34
94,46.21,16265.2,0.0,14.28
95,45.89,11458.82,0.0,12.26
96,45.21,6828.64,0.0,10.76
97,44.65,12199.14,0.0,9.44
98,44.08,14569.93,0.0,8.36
99,43.48,12540.87,0.0,7.54
100,42.79,6016.7,0.0,6.77
101,42.22,12795.69,0.0,6.18
102,41.63,12267.28,0.0,5.67
103,40.98,9988.65,0.0,5.18
104,40.41,14404.62,0.0,4.79
105,39.75,7977.47,0.0,4.41
106,39.16,11370.93,0.0,4.05
107,38.51,7250.01,0.0,3.76
108,37.91,13220.31,0.0,3.47
109,37.24,10682.39,0.0,3.21
110,36.66,11274.59,0.0,2.95
111,36.1,14962.53,0.0,2.76
112,35.79,14045.43,0.0,2.63
113,35.5,17019.46,0.0,2.55
114,35.1,9760.25,0.0,2.44
115,34.9,20617.41,0.0,2.33
116,34.51,9150.32,0.0,2.24
117,34.32,18802.99,0.0,2.15
118,34.41,23030.39,0.0,2.05
119,34.34,14993.59,0.0,1.94
120,35.55,16873.56,0.0,1.85
121,35.53,17456.33,0.0,1.75
122,35.64,27761.86,0.0,1.64
123,35.65,20269.72,0.0,1.55
124,35.41,7353.9,0.0,1.48
125,35.12,9917.14,0.0,1.44
126,34.91,20274.79,0.0,1.4
127,34.73,20443.5,0.0,1.36
128,34.51,17340.05,0.0,1.32
129,34.25,11207.92,0.0,1.28
130,34.13,25275.74,0.0,1.24
131,33.82,7963.51,0.0,1.2
132,33.6,12794.3,0.0,1.16
133,33.35,16320.58,0.0,1.13
134,33.17,15521.6,0.0,1.08
135,34.55,21948.94,0.0,1.03
136,34.38,20293.43,0.0,0.99
137,34.14,17404.59,0.0,0.97
138,33.95,17915.26,0.0,0.93
139,33.81,20165.85,0.0,0.88
140,33.63,17582.54,0.0,0.85
141,28.75,12612.42,0.0,0.82
142,28.56,15094.98,0.0,0.79
143,28.4,18198.98,0.0,0.76
144,28.16,10711.01,0.0,0.73
145,28.08,19265.01,0.0,0.68
146,27.8,7113.09,0.0,0.66
147,27.59,14813.03,0.0,0.64
148,27.46,17399.44,0.0,0.62
149,27.2,10487.65,0.0,0.6
150,27.16,19406.98,0.0,0.56
151,26.98,9945.41,0.0,0.53
152,26.94,20682.59,0.0,0.51
153,26.77,10960.54,0.0,0.5
154,26.63,10545.6,0.0,0.48
155,26.56,16520.94,0.0,0.48
156,26.51,14734.76,0.0,0.44
157,26.45,14317.53,0.0,0.43
158,26.29,9958.64,0.0,0.44
159,26.25,14373.09,0.0,0.41
160,26.19,14850.71,0.0,0.42
161,26.11,14085.63,0.0,0.42
162,26.14,21016.96,0.0,0.42
163,26.13,17835.98,0.0,0.41
164,26.09,17295.23,0.0,0.42
165,26.08,17237.52,0.0,0.43
166,26.01,12965.42,0.0,0.41
167,26.04,18938.64,0.0,0.44
168,26.04,17445.58,0.0,0.42
169,25.82,12697.89,0.0,0.44
170,25.58,15955.19,0.0,0.44
171,25.32,15849.92,0.0,0.44
172,25.07,13042.44,0.0,0.45
173,24.83,16751.58,0.0,0.46
174,24.55,14217.03,0.0,0.45
175,24.29,13033.66,0.0,0.46
176,23.99,12502.73,0.0,0.48
177,23.82,17013.68,0.0,0.52
178,23.54,14364.65,0.0,0.54
179,23.23,9991.63,0.0,0.56
180,28.26,22076.25,0.0,0.58
181,27.98,13436.29,0.0,0.64
182,27.85,21453.71,0.0,0.67
183,27.6,16901.11,0.0,0.74
184,27.24,16537.16,0.0,0.82
185,26.85,13840.29,0.0,0.86
186,26.51,21625.47,0.0,0.83
187,26.15,13487.91,0.0,0.8
188,25.76,15260.99,0.0,0.77
189,25.54,20700.74,0.0,0.72
190,25.15,16638.0,0.0,0.71
191,24.79,10939.23,0.0,0.67
192,24.5,17898.74,0.0,0.63
193,24.16,14487.26,0.0,0.61
194,23.82,12286.97,0.0,0.59
195,23.64,26508.96,0.0,0.56
196,23.31,9762.13,0.0,0.55
197,23.09,21997.09,0.0,0.51
198,22.85,12082.27,0.0,0.49
199,22.59,17305.39,0.0,0.47
200,22.31,11888.09,0.0,0.47
201,22.16,19098.0,0.0,0.45
202,21.94,13494.28,0.0,0.44
203,21.72,13648.53,0.0,0.44
204,21.54,17594.9,0.0,0.41
205,21.4,17718.37,0.0,0.42
206,21.23,20681.71,0.0,0.41
207,21.11,16841.36,0.0,0.41
208,21.03,22874.33,0.0,0.41
209,20.79,19123.23,0.0,0.42
210,20.46,11989.97,0.0,0.43
211,20.24,21464.69,0.0,0.43
212,19.97,15589.24,0.0,0.42
213,19.74,21113.17,0.0,0.42
214,19.48,13744.75,0.0,0.43
215,19.27,20488.67,0.0,0.42
216,19.0,15532.93,0.0,0.41
217,18.8,17581.25,0.0,0.42
218,18.62,20286.16,0.0,0.42
219,18.46,22405.06,0.0,0.43
220,18.29,19946.06,0.0,0.43
221,18.07,18785.77,0.0,0.42
222,17.85,16619.38,0.0,0.43
223,17.71,21887.16,0.0,0.44
224,17.49,18784.65,0.0,0.42
225,20.63,22556.84,0.0,0.43
226,20.42,21704.88,0.0,0.43
227,20.27,21064.08,0.0,0.45
228,20.14,19810.38,0.0,0.45
229,20.0,25174.32,0.0,0.47
230,19.87,19579.68,0.0,0.48
231,19.75,22075.56,0.0,0.48
232,19.64,22687.88,0.0,0.5
233,19.52,23846.43,0.0,0.53
234,19.43,23361.21,0.0,0.56
235,19.32,21705.3,0.0,0.56
236,19.27,23734.78,0.0,0.51
237,19.21,25559.57,0.0,0.51
238,19.04,15245.36,0.0,0.49
239,19.04,28344.54,0.0,0.47
240,24.13,24699.12,0.0,0.45
241,24.05,22487.14,0.0,0.43
242,24.02,27453.01,0.0,0.43
243,23.96,25022.43,0.0,0.41
244,23.99,35911.6,0.0,0.42
245,23.91,21632.04,0.0,0.41
246,23.94,34356.01,0.0,0.41
247,23.88,22768.83,0.0,0.43
248,23.87,31162.44,0.0,0.42
249,23.94,38188.97,0.0,0.42
250,23.83,15725.12,0.0,0.42
251,23.88,34888.79,0.0,0.43
252,23.86,26723.45,0.0,0.42
253,23.83,25421.08,0.0,0.44
254,23.63,22890.94,0.0,0.43
255,23.52,33085.25,0.0,0.43
256,23.3,21284.87,0.0,0.44
257,23.12,29259.11,0.0,0.46
258,22.8,22001.47,0.0,0.48
259,22.57,31794.24,0.0,0.47
260,22.21,15746.52,0.0,0.5
261,21.99,32872.63,0.0,0.49
262,21.74,26798.09,0.0,0.55
263,21.47,27273.79,0.0,0.57
264,21.1,15747.59,0.0,0.6
265,20.82,24794.94,0.0,0.63
266,20.53,23690.17,0.0,0.68
267,20.33,28484.43,0.0,0.74
268,20.03,24200.52,0.0,0.86
269,19.79,25220.26,0.0,0.87
270,23.54,24738.92,0.0,0.84
271,23.32,28180.45,0.0,0.8
272,23.17,37189.14,0.0,0.77
273,22.92,27127.58,0.0,0.75
274,22.75,26034.89,0.0,0.7
275,22.55,33105.91,0.0,0.67
276,22.38,28516.61,0.0,0.64
277,22.23,32531.78,0.0,0.62
278,22.05,27172.55,0.0,0.6
279,21.87,26624.87,0.0,0.56
280,19.98,25503.76,0.0,0.55
281,19.87,29595.36,0.0,0.52
282,19.54,20169.74,0.0,0.52
283,19.33,26899.11,0.0,0.49
284,19.12,28306.28,0.0,0.46
285,18.85,19280.96,0.0,0.44
286,18.65,28898.85,0.0,0.44
287,18.45,23685.83,0.0,0.42
288,18.24,22585.86,0.0,0.42
289,18.07,33938.44,0.0,0.41
290,17.91,28605.36,0.0,0.41
291,17.75,30980.95,0.0,0.41
292,17.53,22928.5,0.0,0.41
293,17.38,30365.18,0.0,0.41
294,17.24,30606.87,0.0,0.42
295,17.1,28000.08,0.0,0.42
296,17.01,32613.33,0.0,0.43
297,16.85,27478.8,0.0,0.43
298,16.73,29757.82,0.0,0.43
299,16.6,28815.48,0.0,0.42
300,16.46,30203.46,0.0,0.43
301,16.38,33569.04,0.0,0.44
302,16.28,29375.67,0.0,0.44
303,16.12,26848.48,0.0,0.45
304,16.05,31939.29,0.0,0.47
305,15.96,30281.13,0.0,0.47
306,15.85,28841.0,0.0,0.49
307,15.75,30260.36,0.0,0.51
308,15.65,29536.15,0.0,0.53
309,15.61,33005.49,0.0,0.55
310,15.54,31262.92,0.0,0.52
311,15.45,26093.16,0.0,0.5
312,15.37,29271.65,0.0,0.5
313,15.31,27380.17,0.0,0.48
314,15.25,28815.13,0.0,0.45
315,17.29,38422.35,0.0,0.45
316,17.23,27910.59,0.0,0.42
317,17.22,35074.02,0.0,0.42
318,17.14,27031.77,0.0,0.43
319,17.14,38260.49,0.0,0.42
320,17.14,38412.76,0.0,0.41
321,17.12,32495.87,0.0,0.43
322,17.06,29313.1,0.0,0.41
323,16.93,37901.74,0.0,0.42
324,16.8,29481.59,0.0,0.41
325,16.68,33752.43,0.0,0.44
326,16.49,26789.92,0.0,0.43
327,16.37,34866.93,0.0,0.43
328,16.29,38972.48,0.0,0.44
329,16.13,27792.08,0.0,0.44
330,16.01,33413.63,0.0,0.43
331,15.88,32627.64,0.0,0.45
332,15.76,32245.14,0.0,0.47
333,15.66,32690.72,0.0,0.46
334,15.53,29731.73,0.0,0.49
335,15.43,35177.05,0.0,0.5
336,15.34,37050.3,0.0,0.52
337,15.2,30999.28,0.0,0.53
338,15.11,31539.14,0.0,0.57
339,15.0,35759.83,0.0,0.61
340,14.88,29467.23,0.0,0.64
341,14.78,30101.75,0.0,0.71
342,14.66,29979.19,0.0,0.73
343,14.57,37463.29,0.0,0.72
344,14.47,32504.11,0.0,0.68
345,14.34,28331.36,0.0,0.66
346,14.16,33408.98,0.0,0.62
347,13.96,30525.42,0.0,0.58
348,13.72,30794.76,0.0,0.57
349,13.54,33006.86,0.0,0.56
350,13.34,25688.44,0.0,0.54
351,13.15,28584.87,0.0,0.5
352,12.96,29634.64,0.0,0.49
353,12.83,34432.77,0.0,0.46
354,12.64,28725.71,0.0,0.45
355,12.46,31127.17,0.0,0.44
356,12.33,31531.08,0.0,0.44
357,12.18,27121.8,0.0,0.41
358,12.0,30090.63,0.0,0.43
359,11.89,35133.49,0.0,0.41
360,18.18,45255.76,0.0,0.42
361,18.04,33193.21,0.0,0.43
362,17.93,34178.32,0.0,0.42
363,17.82,36122.33,0.0,0.42
364,17.76,45246.01,0.0,0.43
365,17.68,40047.1,0.0,0.43
366,17.56,34708.98,0.0,0.42
367,17.5,45034.75,0.0,0.41
368,17.46,42657.28,0.0,0.43
369,17.4,38241.64,0.0,0.43
370,17.33,38561.8,0.0,0.44
371,17.21,33683.89,0.0,0.44
372,17.05,36878.02,0.0,0.45
373,16.88,37348.26,0.0,0.48
374,16.75,40007.48,0.0,0.47
375,16.62,39194.72,0.0,0.44
376,16.48,38175.88,0.0,0.45
377,16.35,35960.0,0.0,0.43
378,16.24,37250.5,0.0,0.42
379,16.12,37555.93,0.0,0.41
380,15.95,34441.56,0.0,0.41
381,11.35,35824.29,0.0,0.42
382,11.22,36151.2,0.0,0.42
383,11.1,36086.58,0.0,0.42
384,11.01,36896.98,0.0,0.41
385,10.9,32310.24,0.0,0.42
386,10.76,33022.98,0.0,0.42
387,10.71,39377.92,0.0,0.43
388,10.58,33870.27,0.0,0.44
389,10.47,33124.67,0.0,0.43
390,10.39,37242.86,0.0,0.43
391,10.35,37237.9,0.0,0.43
392,10.25,36432.43,0.0,0.46
393,10.13,31084.76,0.0,0.47
394,10.1,38056.78,0.0,0.48
395,10.04,35405.14,0.0,0.48
396,9.97,33499.45,0.0,0.5
397,9.91,37475.15,0.0,0.5
398,9.86,35025.32,0.0,0.47
399,9.8,33294.81,0.0,0.46
400,9.75,36123.91,0.0,0.45
401,9.74,40133.57,0.0,0.45
402,9.71,35427.28,0.0,0.42
403,9.7,36309.82,0.0,0.41
404,9.64,34114.96,0.0,0.41
405,12.08,36121.1,0.0,0.41
406,11.97,42696.58,0.0,0.42
407,11.84,36995.8,0.0,0.42
408,11.71,35100.92,0.0,0.41
409,11.57,38446.25,0.0,0.43
410,11.47,39081.95,0.0,0.41
411,11.38,40269.13,0.0,0.43
412,11.26,38617.25,0.0,0.43
413,11.15,36179.08,0.0,0.43
414,11.03,36052.63,0.0,0.43
415,10.94,40286.84,0.0,0.43
416,10.83,38270.29,0.0,0.43
417,10.73,35511.01,0.0,0.46
418,10.63,36288.65,0.0,0.46
419,10.5,34978.04,0.0,0.46
420,10.44,42606.78,1.0,0.5
421,10.35,39923.19,1.0,0.52
422,10.27,40229.86,1.0,0.54
423,10.17,37954.3,1.0,0.56
424,10.08,35615.17,1.0,0.57
425,9.98,36748.38,1.0,0.62
426,9.91,38955.5,1.0,0.66
427,9.83,35470.1,1.0,0.62
428,9.73,37951.72,1.0,0.6
429,9.6,38229.24,1.0,0.56
430,9.38,35570.64,1.0,0.56
431,9.24,36688.27,1.0,0.53
432,9.06,33314.16,1.0,0.51
433,8.88,36624.72,1.0,0.5
434,8.72,35401.51,1.0,0.47
435,8.61,37586.22,1.0,0.47
436,8.42,31496.61,1.0,0.45
437,8.32,40081.02,1.0,0.44
438,8.19,35044.85,1.0,0.42
439,8.06,39803.67,1.0,0.41
440,7.9,38261.32,1.0,0.42
441,7.64,34021.02,1.0,0.41
442,7.45,36465.94,1.0,0.41
443,7.23,35938.04,1.0,0.43
444,7.04,39007.29,1.0,0.43
445,6.82,36588.3,1.0,0.41
446,6.61,34099.13,1.0,0.42
447,6.41,37646.71,1.0,0.42
448,6.2,34109.09,1.0,0.42
449,5.99,34112.04,1.0,0.44
450,10.76,41764.85,2.0,0.43
451,10.72,40091.87,2.0,0.44
452,10.68,41671.73,2.0,0.44
453,10.67,37492.49,2.0,0.47
454,10.71,42139.78,2.0,0.47
455,10.79,47627.93,2.0,0.48
456,10.82,38796.49,2.0,0.48
457,10.95,47424.84,2.0,0.51
458,11.09,47448.91,2.0,0.55
459,11.2,39517.41,2.0,0.58
460,11.38,45648.2,2.0,0.66
461,11.57,45628.15,2.0,0.72
462,11.76,44284.22,2.0,0.7
463,12.01,49572.93,2.0,0.66
464,12.24,44957.31,2.0,0.64
465,12.53,57835.17,2.0,0.61
466,12.78,45606.99,2.0,0.59
467,13.09,52550.99,2.0,0.55
468,13.41,51583.94,2.0,0.53
469,13.69,47719.95,2.0,0.52
470,14.06,57015.94,2.0,0.5
471,14.45,54908.43,2.0,0.49
472,14.8,53848.78,2.0,0.5
473,15.22,55052.03,2.0,0.49
474,15.63,58369.25,2.0,0.53
475,16.05,59173.26,2.0,0.57
476,16.48,59082.64,2.0,0.69
477,16.93,62026.72,2.0,0.89
478,17.37,62925.68,2.0,1.7
479,17.79,57836.32,2.0,1.61
480,20.71,71980.68,2.0,1.55
481,20.99,57117.3,2.0,1.5
482,21.38,70163.08,2.0,1.46
483,21.71,69810.98,2.0,1.43
484,22.03,67387.36,2.0,1.41
485,22.4,74517.93,2.0,1.39
486,22.76,71446.64,2.0,1.36
487,23.12,70649.04,2.0,1.34
488,23.52,77144.13,2.0,1.34
489,23.95,79975.19,2.0,1.3
490,24.33,69553.83,2.0,1.29
491,24.79,91592.92,2.0,1.29
492,25.16,75220.14,2.0,1.29
493,25.6,81673.31,2.0,1.29
494,26.02,84793.36,2.0,1.3
495,27.29,89077.76,2.0,1.3
496,27.66,82148.2,2.0,1.33
497,28.11,92727.23,2.0,1.35
498,28.54,91665.77,2.0,1.37
499,28.95,89362.39,2.0,1.48
500,29.38,87764.52,2.0,1.54
501,28.83,90393.37,2.0,1.59
502,29.31,91679.57,2.0,1.79
503,29.8,96126.33,2.0,1.88
504,30.28,93532.26,2.0,2.0
505,30.83,105657.59,2.0,2.18
506,31.31,97815.62,2.0,2.61
507,31.78,99281.34,2.0,2.89
508,32.25,102508.67,2.0,3.02
509,32.73,100684.58,2.0,3.57
510,33.18,96687.53,2.0,4.33
511,33.74,116481.46,2.0,5.54
512,34.24,108950.38,2.0,5.52
513,34.75,108677.97,2.0,5.42
514,35.25,107599.61,2.0,5.42
515,35.76,112812.51,2.0,5.49
516,36.26,114230.37,2.0,5.43
517,36.75,107387.56,2.0,5.5
518,37.27,117584.96,2.0,5.41
519,37.73,107215.54,2.0,5.49
520,38.15,105811.65,2.0,5.34
521,38.54,93283.87,2.0,5.5
522,38.85,85069.89,2.0,5.55
523,39.21,93643.64,2.0,5.59
524,39.61,100770.91,2.0,5.72
525,39.93,89681.74,2.0,5.71
526,40.21,83784.43,2.0,5.76
527,40.45,74677.1,2.0,5.81
528,40.67,73241.4,2.0,6.0
529,40.87,67250.95,2.0,6.04
530,41.0,61978.02,2.0,6.19
531,41.18,67901.54,2.0,6.31
532,41.32,61658.61,2.0,6.51
533,41.48,67831.85,2.0,6.53
534,41.62,63579.06,2.0,6.9
535,41.69,55671.51,2.0,6.95
536,41.76,50663.94,2.0,6.92
537,41.84,54889.67,2.0,7.07
538,41.96,60000.69,2.0,7.1
539,41.96,43547.22,2.0,6.9
540,42.43,54766.37,2.0,7.31
541,42.42,48847.55,2.0,7.17
542,42.39,53595.54,2.0,7.42
543,42.37,56646.01,2.0,7.58
544,42.31,47411.69,2.0,7.4
545,42.3,61120.75,2.0,0.0
546,42.23,46653.68,2.0,0.0
547,42.22,60704.0,2.0,0.0
548,42.05,46233.38,2.0,8.16
549,41.88,47281.68,2.0,7.93
550,41.74,53335.13,2.0,8.49
551,41.57,48542.73,2.0,8.32
552,41.48,59606.8,2.0,8.59
553,41.34,55331.99,2.0,8.17
554,41.17,46456.63,2.0,8.08
555,41.06,59081.31,2.0,8.42
556,40.91,48855.57,2.0,8.61
557,40.73,41699.25,2.0,8.82
558,40.55,44527.03,2.0,8.69
559,40.41,52952.38,2.0,9.26
560,40.22,44524.25,2.0,9.22
561,40.1,61604.82,2.0,9.09
562,39.98,48796.41,2.0,9.04
563,39.9,50020.38,2.0,9.82
564,39.8,48751.87,2.0,9.66
565,39.73,50659.71,2.0,10.16
566,39.69,60399.13,2.0,9.77
567,39.69,47315.05,2.0,9.95
568,39.71,54436.1,2.0,8.97
569,39.7,49981.26,2.0,10.14
570,39.76,57852.31,2.0,10.08
571,39.79,56915.79,2.0,10.27
572,39.77,46077.67,2.0,10.6
573,39.81,57419.42,2.0,9.77
574,39.84,49306.18,2.0,10.76
575,39.88,55868.48,2.0,11.18
576,39.87,46879.39,2.0,10.03
577,39.89,53170.9,2.0,10.57
578,39.88,46764.0,2.0,11.5
579,39.86,45648.25,2.0,10.74
580,39.92,62256.86,2.0,10.6
581,39.96,55138.42,2.0,11.19
582,40.01,60324.21,2.0,11.97
583,39.93,41767.2,2.0,11.52
584,39.93,52558.9,2.0,11.99
585,40.39,55181.99,2.0,12.3
586,40.4,51709.22,2.0,11.28
587,40.39,48535.52,2.0,11.5
588,40.4,47789.67,2.0,12.13
589,40.44,58988.39,2.0,12.06
590,40.49,65586.76,2.0,10.43
591,40.49,47059.95,2.0,12.22
592,40.5,53135.94,2.0,11.89
593,40.55,60679.1,2.0,11.06
594,40.58,57792.88,2.0,10.95
595,40.54,47247.25,2.0,12.35
596,40.55,50176.01,2.0,12.19
597,40.57,51268.78,2.0,12.67
598,40.18,55015.43,2.0,11.92
599,40.17,46713.59,2.0,11.11
600,40.47,53634.2,2.0,6.12
601,40.43,42463.17,2.0,6.07
602,40.46,57032.24,2.0,5.95
603,40.43,41343.08,2.0,5.87
604,40.15,53634.43,2.0,5.75
605,40.2,53836.02,2.0,5.66
606,40.26,60828.04,2.0,5.57
607,40.35,67635.95,2.0,5.44
608,40.43,60897.72,2.0,5.34
609,40.02,55848.32,2.0,5.24
610,40.07,54861.76,2.0,5.13
611,40.02,39429.74,2.0,5.07
612,40.04,57430.83,2.0,4.94
613,40.06,51921.28,2.0,4.84
614,39.52,34661.14,2.0,4.76
615,39.52,45122.19,2.0,4.66
616,39.58,54494.87,2.0,4.54
617,39.62,51609.2,2.0,4.46
618,39.62,45248.36,2.0,4.36
619,39.53,30298.17,2.0,4.24
620,39.62,60992.06,2.0,4.14
621,39.61,43931.28,2.0,4.06
622,39.61,49303.93,2.0,3.95
623,39.63,48043.17,2.0,3.84
624,39.09,38521.24,2.0,3.73
625,39.1,42943.28,2.0,3.66
626,39.12,48464.49,2.0,3.53
627,39.14,42805.96,2.0,3.45
628,39.17,46983.12,2.0,3.35
629,39.13,35998.6,2.0,3.25
630,40.17,48869.63,2.0,3.15
631,40.19,50348.52,2.0,3.05
632,40.18,45326.98,2.0,2.95
633,40.17,44827.82,2.0,2.85
634,40.17,49444.5,2.0,2.74
635,40.18,47535.72,2.0,2.65
636,40.22,52907.87,2.0,2.56
637,39.84,44026.66,2.0,2.45
638,39.86,50242.22,2.0,2.35
639,39.89,52283.19,2.0,2.25
640,40.01,64768.47,2.0,2.15
641,40.09,60952.79,2.0,2.04
642,40.16,55429.44,2.0,1.96
643,40.19,45931.46,2.0,1.85
644,40.35,71283.56,2.0,1.75
645,40.34,39357.79,2.0,1.66
646,40.41,54308.37,2.0,1.55
647,40.46,52172.99,2.0,1.45
648,39.59,33538.55,2.0,1.4
649,39.58,54417.02,2.0,1.36
650,39.49,35421.79,2.0,1.32
651,39.35,29987.97,2.0,1.28
652,39.29,45386.56,2.0,1.24
653,39.12,20669.23,2.0,1.19
654,38.99,30705.91,2.0,1.16
655,38.89,34692.7,2.0,1.11
656,38.78,37477.03,2.0,1.08
657,38.69,33696.83,2.0,1.04
658,38.62,42787.81,2.0,1.01
659,38.57,41697.32,2.0,0.97
660,38.22,33533.72,2.0,0.93
661,38.13,35875.95,2.0,0.9
662,38.19,54721.51,2.0,0.86
663,38.15,42903.59,2.0,0.83
664,38.2,50248.96,2.0,0.78
665,38.33,66824.89,2.0,0.76
666,38.36,46273.68,2.0,0.71
667,38.41,57345.17,2.0,0.69
668,38.42,43408.25,2.0,0.65
669,37.82,57624.7,2.0,0.65
670,36.96,29006.94,2.0,0.6
671,36.95,42409.74,2.0,0.59
672,36.87,33218.46,2.0,0.56
673,36.82,32082.5,2.0,0.55
674,36.72,24587.34,2.0,0.52
675,37.59,40575.61,2.0,0.51
676,37.53,31399.32,2.0,0.47
677,37.42,29494.23,2.0,0.47
678,37.37,28180.26,2.0,0.45
679,37.42,46197.82,2.0,0.43
680,36.52,30835.14,2.0,0.42
681,36.45,26439.43,2.0,0.42
682,36.51,43382.7,2.0,0.41
683,36.47,33187.53,2.0,0.43
684,36.45,30142.38,2.0,0.41
685,36.39,25061.42,2.0,0.41
686,36.37,30589.01,2.0,0.41
687,36.43,41534.93,2.0,0.43
688,36.43,35238.13,2.0,0.42
689,36.39,30729.99,2.0,0.43
690,36.36,26514.81,2.0,0.44
691,36.41,38143.14,2.0,0.44
692,36.36,24934.75,2.0,0.44
693,35.86,38197.32,2.0,0.43
694,35.95,38767.57,2.0,0.44
695,36.06,44976.19,2.0,0.44
696,36.21,49139.73,2.0,0.46
697,36.37,50957.9,2.0,0.48
698,36.43,37546.16,2.0,0.5
699,36.47,35328.94,2.0,0.5
700,36.51,34541.31,2.0,0.54
701,36.52,34927.49,2.0,0.54
702,36.46,25085.48,2.0,0.58
703,36.56,44155.5,2.0,0.62
704,35.68,25471.77,2.0,0.7
705,35.6,19089.81,2.0,0.75
706,35.75,43994.21,2.0,0.82
707,35.82,33990.39,2.0,0.96
708,35.86,32120.86,2.0,1.06
709,35.92,34412.16,2.0,1.22
710,36.09,48370.83,2.0,1.4
711,36.16,32158.21,2.0,1.66
712,36.2,33305.11,2.0,1.96
713,36.12,20011.9,2.0,2.37
714,34.95,34234.63,2.0,2.74
715,34.99,31434.46,2.0,3.45
716,35.01,27991.74,2.0,4.07
717,34.99,22302.54,2.0,5.15
718,35.01,29271.26,2.0,6.2
719,34.94,18835.64,2.0,7.59
720,38.87,38412.62,2.0,5.16
721,38.85,31344.04,2.0,5.07
722,38.81,29033.31,2.0,4.99
723,38.79,32284.3,2.0,4.87
724,38.06,39075.03,2.0,4.77
725,38.04,30039.43,2.0,4.69
726,38.03,32152.31,2.0,4.57
727,38.14,47709.01,2.0,4.47
728,38.09,26641.8,2.0,4.36
729,38.08,30094.29,2.0,4.28
730,38.1,33917.4,2.0,4.17
731,38.05,24759.94,2.0,4.07
732,37.98,23157.9,2.0,3.98
733,38.07,45192.56,2.0,3.89
734,38.06,30510.91,2.0,3.8
735,38.06,34257.84,2.0,3.68
736,38.06,32124.21,2.0,3.6
737,38.07,34636.85,2.0,3.5
738,38.05,30234.49,2.0,3.39
739,38.05,31384.81,2.0,3.27
740,37.66,34429.85,2.0,3.18
741,37.65,27919.01,2.0,3.08
742,37.66,31819.44,2.0,2.97
743,37.65,28018.02,2.0,2.89
744,37.65,29473.34,2.0,2.79
745,37.64,28585.16,2.0,2.67
746,37.67,33050.02,2.0,2.59
747,37.7,35213.25,2.0,2.48
748,37.65,22199.33,2.0,2.39
749,37.64,27477.78,2.0,2.28
750,37.66,33903.11,2.0,2.18
751,37.65,26169.45,2.0,2.09
752,37.68,34681.48,2.0,1.98
753,37.62,22141.0,2.0,1.89
754,37.69,38851.17,2.0,1.79
755,37.65,24191.49,2.0,1.69
756,37.63,27625.04,2.0,1.59
757,37.64,34943.14,2.0,1.5
758,37.52,28843.54,2.0,1.45
759,37.33,20793.97,2.0,1.41
760,37.19,28843.99,2.0,1.37
761,37.02,29470.18,2.0,1.34
762,36.95,33512.42,2.0,1.29
763,36.77,26338.67,2.0,1.26
764,36.62,24785.02,2.0,1.22
765,36.61,28787.0,2.0,1.17
766,36.32,22172.62,2.0,1.13
767,36.01,27804.64,2.0,1.1
768,35.79,29031.69,2.0,1.05
769,35.52,27539.68,2.0,1.03
770,35.2,17328.6,2.0,0.98
771,34.97,34400.8,2.0,0.95
772,34.71,22783.38,2.0,0.9
773,33.6,30822.09,2.0,0.86
774,33.21,15853.18,2.0,0.85
775,32.99,24059.81,2.0,0.79
776,32.79,33169.1,2.0,0.77
777,32.49,20212.62,2.0,0.74
778,32.21,21057.5,2.0,0.71
779,31.99,25971.94,2.0,0.68
780,31.78,20280.6,2.0,0.64
781,31.54,22429.65,2.0,0.62
782,31.35,31415.87,2.0,0.61
783,31.16,20287.98,2.0,0.56
784,30.92,22155.48,2.0,0.56
785,30.69,21284.33,2.0,0.52
786,30.6,31607.17,2.0,0.49
787,30.47,28016.2,2.0,0.48
788,30.21,16185.15,2.0,0.46
789,30.08,25320.6,2.0,0.44
790,29.97,25383.77,2.0,0.44
791,29.81,22194.32,2.0,0.44
792,29.72,22556.88,2.0,0.42
793,29.6,29024.19,2.0,0.42
794,29.52,26228.22,2.0,0.42
795,29.47,28897.6,2.0,0.4
796,29.35,24088.68,2.0,0.41
797,29.32,29594.66,2.0,0.41
798,29.25,26301.77,2.0,0.41
799,27.33,23883.09,2.0,0.42
800,27.29,27952.38,2.0,0.41
801,27.28,28447.77,2.0,0.42
802,27.22,26054.59,2.0,0.41
803,27.21,28691.42,2.0,0.41
804,27.19,24491.04,2.0,0.43
805,27.19,27715.68,2.0,0.42
806,27.17,24571.19,2.0,0.43
807,27.21,31733.55,2.0,0.42
808,27.18,22592.16,2.0,0.43
809,27.18,27271.87,2.0,0.43
810,30.26,27842.04,2.0,0.42
811,30.2,25517.1,2.0,0.44
812,30.2,32250.24,2.0,0.43
813,30.18,29877.98,2.0,0.44
814,30.31,48261.64,2.0,0.47
815,30.16,13120.78,2.0,0.46
816,30.24,41277.14,2.0,0.5
817,30.22,27853.56,2.0,0.5
818,30.23,32205.59,2.0,0.53
819,30.23,31741.3,2.0,0.56
820,30.22,31148.32,2.0,0.61
821,30.28,38017.5,2.0,0.63
822,30.21,23342.92,2.0,0.69
823,30.23,33782.69,2.0,0.77
824,30.25,30713.3,2.0,0.83
825,30.21,27217.96,2.0,0.95
826,30.22,33924.36,2.0,1.07
827,30.24,31562.88,2.0,1.22
828,30.26,34539.04,2.0,1.43
829,30.24,26443.59,2.0,1.64
830,30.2,25348.68,2.0,1.99
831,30.26,40205.32,2.0,2.37
832,30.24,27572.34,2.0,2.79
833,30.24,32780.38,2.0,3.47
834,30.24,29286.57,2.0,4.09
835,30.24,32520.56,2.0,5.01
836,30.19,27040.84,2.0,6.45
837,30.25,39654.35,2.0,7.75
838,30.25,31048.94,2.0,9.33
839,30.21,27872.91,2.0,11.78
840,31.63,36662.61,2.0,4.62
841,31.6,28723.4,2.0,4.53
842,31.63,38530.17,2.0,4.46
843,31.65,37340.52,2.0,4.33
844,28.61,25763.2,2.0,4.23
845,28.6,28686.41,2.0,4.15
846,28.61,28366.16,2.0,4.04
847,28.6,27596.39,2.0,3.94
848,28.57,27427.88,2.0,3.83
849,28.64,37401.94,2.0,3.74
850,28.6,23388.83,2.0,3.65
851,28.62,32102.07,2.0,3.54
852,28.58,24173.68,2.0,3.45
853,28.6,31151.46,2.0,3.35
854,28.58,26588.22,2.0,3.24
855,30.09,34921.93,2.0,3.15
856,30.09,30548.24,2.0,3.04
857,30.04,24216.91,2.0,2.95
858,30.06,34030.65,2.0,2.83
859,30.03,30075.44,2.0,2.75
860,30.04,32256.75,2.0,2.65
861,30.03,29796.87,2.0,2.54
862,30.07,36039.69,2.0,2.43
863,30.07,31119.83,2.0,2.34
864,30.06,31497.5,2.0,2.24
865,30.02,23678.15,2.0,2.15
866,30.08,38470.18,2.0,2.05
867,30.13,38032.75,2.0,1.94
868,30.07,24688.18,2.0,1.84
869,30.06,28266.36,2.0,1.74
870,30.08,33138.81,3.0,1.65
871,30.05,28587.76,3.0,1.54
872,29.94,29310.99,3.0,1.49
873,29.87,37236.03,3.0,1.44
874,29.72,26485.52,3.0,1.4
875,29.54,25784.82,3.0,1.36
876,29.41,31295.37,3.0,1.32
877,29.22,20063.6,3.0,1.27
878,29.11,34144.78,3.0,1.24
879,29.01,32252.0,3.0,1.2
880,28.89,27932.22,3.0,1.16
881,28.71,24062.79,3.0,1.12
882,28.61,32579.61,3.0,1.09
883,28.43,21291.88,3.0,1.05
884,28.33,31068.36,3.0,1.0
885,28.19,27025.33,3.0,0.97
886,28.11,34485.09,3.0,0.93
887,27.97,24460.21,3.0,0.9
888,27.87,30827.97,3.0,0.86
889,25.92,30415.58,3.0,0.83
890,25.81,26662.08,3.0,0.79
891,25.69,28557.39,3.0,0.76
892,25.59,25175.79,3.0,0.73
893,25.46,22693.37,3.0,0.7
894,25.34,23092.71,3.0,0.66
895,25.26,33660.04,3.0,0.65
896,25.17,24122.82,3.0,0.61
897,25.07,25636.94,3.0,0.58
898,24.89,22291.46,3.0,0.58
899,24.68,26510.87,3.0,0.53
900,28.19,27312.03,0.0,0.53
901,28.08,23610.46,0.0,0.51
902,28.04,28486.53,0.0,0.47
903,28.03,29756.72,0.0,0.47
904,28.0,24297.38,0.0,0.51
905,28.12,39846.94,0.0,0.54
906,28.09,22552.27,0.0,0.69
907,28.2,36910.23,0.0,1.27
908,28.22,28071.57,0.0,0.0
909,28.28,34749.6,0.0,0.0
910,28.34,32834.37,0.0,0.0
911,28.26,29809.36,0.0,0.0
912,28.22,36050.35,0.0,0.0
913,28.22,36017.69,0.0,0.0
914,28.22,37819.87,0.0,0.0
915,28.13,30655.99,0.0,0.0
916,28.11,39410.54,0.0,0.0
917,27.95,24812.57,0.0,0.0
918,27.99,43248.23,0.0,0.0
919,27.98,36867.99,0.0,0.0
920,27.95,38154.92,0.0,0.0
921,27.89,34602.96,0.0,0.0
922,27.98,39631.29,0.0,0.0
923,28.14,43371.22,0.0,2.97
924,28.27,43889.87,0.0,2.86
925,28.34,37439.43,0.0,2.75
926,28.47,39466.03,0.0,2.65
927,28.64,46628.88,0.0,2.57
928,28.7,39381.08,0.0,2.46
929,28.86,46045.68,0.0,2.35
930,29.02,43867.07,0.0,2.25
931,29.22,47905.56,0.0,2.16
932,29.48,43408.54,0.0,2.06
933,29.76,47577.82,0.0,1.95
934,28.48,44686.11,0.0,1.85
935,27.05,45353.44,0.0,1.75
936,27.3,37944.44,0.0,1.67
937,27.63,48601.05,0.0,1.55
938,27.95,44193.46,0.0,1.46
939,28.1,43148.54,0.0,1.42
940,28.22,40610.52,0.0,1.38
941,28.39,43745.0,0.0,1.34
942,28.59,48128.06,0.0,1.3
943,28.82,48243.56,0.0,1.26
944,28.96,42786.29,0.0,1.22
945,30.78,53711.18,0.0,1.18
946,30.97,49085.9,0.0,1.14
947,31.13,48953.6,0.0,1.1
948,31.33,54944.41,0.0,1.07
949,31.48,46825.41,0.0,1.02
950,31.7,57309.46,0.0,0.98
951,31.83,47206.66,0.0,0.94
952,32.04,56159.4,0.0,0.91
953,32.24,56283.72,0.0,0.88
954,32.47,59899.24,0.0,0.85
955,32.7,55108.62,0.0,0.81
956,32.88,52436.24,0.0,0.77
957,33.09,58372.05,0.0,0.75
958,33.37,62321.51,0.0,0.7
959,33.55,53608.75,0.0,0.67
960,35.89,59399.98,0.0,0.64
961,36.01,55953.28,0.0,0.61
962,36.11,54223.92,0.0,0.6
963,36.24,56182.26,0.0,0.56
964,36.38,58105.49,0.0,0.54
965,36.53,58908.94,0.0,0.52
966,36.57,41637.4,0.0,0.51
967,36.64,46203.87,0.0,0.49
968,36.72,46813.54,0.0,0.46
969,36.74,40170.9,0.0,0.45
970,36.81,45988.94,0.0,0.44
971,36.78,29999.18,0.0,0.42
972,36.77,35812.46,0.0,0.41
973,36.78,43063.82,0.0,0.42
974,36.66,27677.33,0.0,0.41
975,36.54,36847.92,0.0,0.41
976,36.38,29813.72,0.0,0.41
977,36.36,44309.61,0.0,0.41
978,36.21,30618.25,0.0,0.42
979,35.03,26672.42,0.0,0.42
980,34.81,35989.16,0.0,0.42
981,34.56,22377.87,0.0,0.43
982,34.35,35279.75,0.0,0.44
983,34.04,16719.71,0.0,0.45
984,33.79,25244.33,0.0,0.44
985,33.58,31751.66,0.0,0.44
986,33.37,33513.89,0.0,0.44
987,33.18,33012.16,0.0,0.47
988,32.91,27636.32,0.0,0.47
989,32.73,36556.26,0.0,0.47
990,34.02,30275.96,0.0,0.49
991,33.74,24675.8,0.0,0.51
992,33.61,36056.12,0.0,0.53
993,33.42,36263.65,0.0,0.58
994,33.25,33588.31,0.0,0.63
995,33.11,37275.32,0.0,0.66
996,32.92,29438.42,0.0,0.66
997,32.67,23898.98,0.0,0.64
998,32.56,37265.55,0.0,0.61
999,32.39,27080.73,0.0,0.56
